Workbook

Sheet Summary
A1: Four-event preferred-plunge sensitivity results
A2: Z component only · 50–150 s · three equal-weight distance bins · normalized RMS is a secondary waveform-fit diagnostic
A4: Event | B4: Event name | C4: Catalogue plunge (°) | D4: Preferred plunge (°) | E4: Change (°) | F4: Catalogue joint CC | G4: Preferred joint CC | H4: CC improvement | I4: Catalogue mean normalized RMS | J4: Preferred mean normalized RMS | K4: RMS change | L4: LOO plunge range (°)
A5: 0 | B5: S201101210832A | C5: -2.496989 | D5: 5 | E5: =D5-C5 -> 7.496989 | F5: 0.49333109 | G5: 0.50889985 | H5: =G5-F5 -> 0.015568753 | I5: =SUMIF('Waveform RMS'!$A$2:$A$30,A5,'Waveform RMS'!$H$2:$H$30)/COUNTIF('Waveform RMS'!$A$2:$A$30,A5) -> 1.0062345 | J5: =SUMIF('Waveform RMS'!$A$2:$A$30,A5,'Waveform RMS'!$K$2:$K$30)/COUNTIF('Waveform RMS'!$A$2:$A$30,A5) -> 0.97638006 | K5: =J5-I5 -> -0.029854432 | L5: =MIN('LOO Robustness'!F2,'LOO Robustness'!F3,'LOO Robustness'!F4,'LOO Robustness'!F6,'LOO Robustness'!F7)&" to "&MAX('LOO Robustness'!F2,'LOO Robustness'!F3,'LOO Robustness'!F4,'LOO Robustness'!F6,'LOO Robustness'!F7) -> 0 to 10
A6: 1 | B6: S201106261031A | C6: 12.515971 | D6: -45 | E6: =D6-C6 -> -57.515971 | F6: 0.19466268 | G6: 0.52640941 | H6: =G6-F6 -> 0.33174673 | I6: =SUMIF('Waveform RMS'!$A$2:$A$30,A6,'Waveform RMS'!$H$2:$H$30)/COUNTIF('Waveform RMS'!$A$2:$A$30,A6) -> 1.1498396 | J6: =SUMIF('Waveform RMS'!$A$2:$A$30,A6,'Waveform RMS'!$K$2:$K$30)/COUNTIF('Waveform RMS'!$A$2:$A$30,A6) -> 0.94115314 | K6: =J6-I6 -> -0.20868649 | L6: =MIN('LOO Robustness'!F8,'LOO Robustness'!F9,'LOO Robustness'!F10,'LOO Robustness'!F12,'LOO Robustness'!F13)&" to "&MAX('LOO Robustness'!F8,'LOO Robustness'!F9,'LOO Robustness'!F10,'LOO Robustness'!F12,'LOO Robustness'!F13) -> -55 to -20
A7: 3 | B7: S201108181231A | C7: -15.206501 | D7: 50 | E7: =D7-C7 -> 65.206501 | F7: 0.11624496 | G7: 0.203811 | H7: =G7-F7 -> 0.087566042 | I7: =SUMIF('Waveform RMS'!$A$2:$A$30,A7,'Waveform RMS'!$H$2:$H$30)/COUNTIF('Waveform RMS'!$A$2:$A$30,A7) -> 1.2792208 | J7: =SUMIF('Waveform RMS'!$A$2:$A$30,A7,'Waveform RMS'!$K$2:$K$30)/COUNTIF('Waveform RMS'!$A$2:$A$30,A7) -> 1.2321686 | K7: =J7-I7 -> -0.047052177 | L7: =MIN('LOO Robustness'!F14,'LOO Robustness'!F15,'LOO Robustness'!F16,'LOO Robustness'!F17,'LOO Robustness'!F18,'LOO Robustness'!F19,'LOO Robustness'!F20)&" to "&MAX('LOO Robustness'!F14,'LOO Robustness'!F15,'LOO Robustness'!F16,'LOO Robustness'!F17,'LOO Robustness'!F18,'LOO Robustness'!F19,'LOO Robustness'!F20) -> -5 to 75
A8: 4 | B8: S201112211540A | C8: 14.574216 | D8: -25 | E8: =D8-C8 -> -39.574216 | F8: 0.2927496 | G8: 0.37889961 | H8: =G8-F8 -> 0.08615001 | I8: =SUMIF('Waveform RMS'!$A$2:$A$30,A8,'Waveform RMS'!$H$2:$H$30)/COUNTIF('Waveform RMS'!$A$2:$A$30,A8) -> 0.97904106 | J8: =SUMIF('Waveform RMS'!$A$2:$A$30,A8,'Waveform RMS'!$K$2:$K$30)/COUNTIF('Waveform RMS'!$A$2:$A$30,A8) -> 1.0750548 | K8: =J8-I8 -> 0.09601374 | L8: =MIN('LOO Robustness'!F21,'LOO Robustness'!F22,'LOO Robustness'!F23,'LOO Robustness'!F25,'LOO Robustness'!F26)&" to "&MAX('LOO Robustness'!F21,'LOO Robustness'!F22,'LOO Robustness'!F23,'LOO Robustness'!F25,'LOO Robustness'!F26) -> -30 to -10
A10: Event | B10: Catalogue plunge | C10: Preferred plunge | D10: Catalogue CC | E10: Preferred CC
A11: 0 | B11: -2.496989 | C11: 5 | D11: 0.49333109 | E11: 0.50889985
A12: 1 | B12: 12.515971 | C12: -45 | D12: 0.19466268 | E12: 0.52640941
A13: 3 | B13: -15.206501 | C13: 50 | D13: 0.11624496 | E13: 0.203811
A14: 4 | B14: 14.574216 | C14: -25 | D14: 0.2927496 | E14: 0.37889961

Sheet Waveform RMS
A1: Event | B1: Event name | C1: Station | D1: Distance bin | E1: Component | F1: Catalogue plunge (°) | G1: Catalogue CC | H1: Catalogue normalized RMS | I1: Preferred plunge (°) | J1: Preferred CC | K1: Preferred normalized RMS | L1: RMS change (preferred − catalogue) | M1: RMS improved?
A2: 0 | B2: S201101210832A | C2: DK.NRS | D2: 3_12_deg | E2: Z | F2: -2.496989 | G2: 0.18814986 | H2: 1.2690846 | I2: 5 | J2: 0.45663572 | K2: 1.0377431 | L2: =K2-H2 -> -0.23134146 | M2: =L2<0 -> TRUE
A3: 0 | B3: S201101210832A | C3: DK.SCO | D3: 3_12_deg | E3: Z | F3: -2.496989 | G3: 0.74447678 | H3: 0.71409595 | I3: 5 | J3: 0.84396804 | K3: 0.55774937 | L3: =K3-H3 -> -0.15634658 | M3: =L3<0 -> TRUE
A4: 0 | B4: S201101210832A | C4: CN.ILON | D4: 3_12_deg | E4: Z | F4: -2.496989 | G4: 0.58859267 | H4: 0.90737269 | I4: 5 | J4: 0.48142315 | K4: 1.0185317 | L4: =K4-H4 -> 0.11115906 | M4: =L4<0 -> FALSE
A5: 0 | B5: S201101210832A | C5: IU.KEV.00 | D5: 20_30_deg | E5: Z | F5: -2.496989 | G5: 0.91805905 | H5: 0.40650456 | I5: 5 | J5: 0.86363898 | K5: 0.52373197 | L5: =K5-H5 -> 0.11722741 | M5: =L5<0 -> FALSE
A6: 0 | B6: S201101210832A | C6: GE.TIRR | D6: 40_50_deg | E6: Z | F6: -2.496989 | G6: 0.20432902 | H6: 1.2616252 | I6: 5 | J6: 0.20927837 | K6: 1.25766 | L6: =K6-H6 -> -0.00396518 | M6: =L6<0 -> TRUE
A7: 0 | B7: S201101210832A | C7: TA.X30A | D7: 40_50_deg | E7: Z | F7: -2.496989 | G7: -0.094606771 | H7: 1.478724 | I7: 5 | J7: -0.071175187 | K7: 1.4628641 | L7: =K7-H7 -> -0.015859847 | M7: =L7<0 -> TRUE
A8: 1 | B8: S201106261031A | C8: DK.TULEG | D8: 3_12_deg | E8: Z | F8: 12.515971 | G8: 0.74943519 | H8: 0.70915121 | I8: -45 | J8: 0.58816119 | K8: 0.9103115 | L8: =K8-H8 -> 0.20116029 | M8: =L8<0 -> FALSE
A9: 1 | B9: S201106261031A | C9: GE.SUMG | D9: 3_12_deg | E9: Z | F9: 12.515971 | G9: 0.36365537 | H9: 1.1464772 | I9: -45 | J9: 0.64507242 | K9: 0.83576894 | L9: =K9-H9 -> -0.31070824 | M9: =L9<0 -> TRUE
A10: 1 | B10: S201106261031A | C10: CN.ILON | D10: 3_12_deg | E10: Z | F10: 12.515971 | G10: 0.71191119 | H10: 0.78183749 | I10: -45 | J10: 0.80308041 | K10: 0.67103556 | L10: =K10-H10 -> -0.11080193 | M10: =L10<0 -> TRUE
A11: 1 | B11: S201106261031A | C11: II.ESK.00 | D11: 20_30_deg | E11: Z | F11: 12.515971 | G11: -0.0084321555 | H11: 1.4203857 | I11: -45 | J11: 0.75268511 | K11: 0.70380836 | L11: =K11-H11 -> -0.71657733 | M11: =L11<0 -> TRUE
A12: 1 | B12: S201106261031A | C12: XB.PM29 | D12: 40_50_deg | E12: Z | F12: 12.515971 | G12: -0.18566321 | H12: 1.5395958 | I12: -45 | J12: 0.56675812 | K12: 0.9323194 | L12: =K12-H12 -> -0.6072764 | M12: =L12<0 -> TRUE
A13: 1 | B13: S201106261031A | C13: TA.136A | D13: 40_50_deg | E13: Z | F13: 12.515971 | G13: 0.15383577 | H13: 1.3015904 | I13: -45 | J13: -0.27121459 | K13: 1.5936751 | L13: =K13-H13 -> 0.2920847 | M13: =L13<0 -> FALSE
... A30: 4 | B30: S201112211540A | C30: XB.PM29 | D30: 40_50_deg | E30: Z | F30: 14.574216 | G30: -0.33315699 | H30: 1.6327695 | I30: -25 | J30: -0.20290806 | K30: 1.5510719 | L30: =K30-H30 -> -0.081697559 | M30: =L30<0 -> TRUE

Sheet LOO Robustness
A1: Event | B1: Omitted station | C1: Distance bin | D1: Stations retained | E1: Bins retained | F1: Preferred plunge (°) | G1: Maximum joint CC | H1: Status
A2: 0 | B2: DK.NRS | C2: 3_12_deg | D2: 5 | E2: 3 | F2: 0 | G2: 0.54531758 | H2: computed
A3: 0 | B3: DK.SCO | C3: 3_12_deg | D3: 5 | E3: 3 | F3: 5 | G3: 0.46724 | H3: computed
A4: 0 | B4: CN.ILON | C4: 3_12_deg | D4: 5 | E4: 3 | F4: 10 | G4: 0.53836657 | H4: computed
A5: 0 | B5: IU.KEV.00 | C5: 20_30_deg | D5: 5 | E5: 2 | H5: not computable: a distance bin is empty
A6: 0 | B6: GE.TIRR | C6: 40_50_deg | D6: 5 | E6: 3 | F6: 5 | G6: 0.46215759 | H6: computed
A7: 0 | B7: TA.X30A | C7: 40_50_deg | D7: 5 | E7: 3 | F7: 5 | G7: 0.55564211 | H7: computed
A8: 1 | B8: DK.TULEG | C8: 3_12_deg | D8: 5 | E8: 3 | F8: -50 | G8: 0.54245982 | H8: computed
A9: 1 | B9: GE.SUMG | C9: 3_12_deg | D9: 5 | E9: 3 | F9: -45 | G9: 0.53202589 | H9: computed
A10: 1 | B10: CN.ILON | C10: 3_12_deg | D10: 5 | E10: 3 | F10: -45 | G10: 0.50569123 | H10: computed
A11: 1 | B11: II.ESK.00 | C11: 20_30_deg | D11: 5 | E11: 2 | H11: not computable: a distance bin is empty
A12: 1 | B12: XB.PM29 | C12: 40_50_deg | D12: 5 | E12: 3 | F12: -20 | G12: 0.40943928 | H12: computed
A13: 1 | B13: TA.136A | C13: 40_50_deg | D13: 5 | E13: 3 | F13: -55 | G13: 0.67640973 | H13: computed
A14: 3 | B14: DK.SOEG | C14: 3_12_deg | D14: 6 | E14: 3 | F14: 40 | G14: 0.25940784 | H14: computed
A15: 3 | B15: DK.ANGG | C15: 3_12_deg | D15: 6 | E15: 3 | F15: 50 | G15: 0.17858133 | H15: computed
A16: 3 | B16: DK.NUUK | C16: 3_12_deg | D16: 6 | E16: 3 | F16: 65 | G16: 0.17882487 | H16: computed
A17: 3 | B17: II.ESK.00 | C17: 20_30_deg | D17: 6 | E17: 3 | F17: 75 | G17: 0.17671998 | H17: computed
A18: 3 | B18: GB.EDI | C18: 20_30_deg | D18: 6 | E18: 3 | F18: 40 | G18: 0.24338844 | H18: computed
A19: 3 | B19: TA.342A | C19: 40_50_deg | D19: 6 | E19: 3 | F19: 55 | G19: 0.30195652 | H19: computed
A20: 3 | B20: MN.VTS | C20: 40_50_deg | D20: 6 | E20: 3 | F20: -5 | G20: 0.27122626 | H20: computed
A21: 4 | B21: DK.NRS | C21: 3_12_deg | D21: 5 | E21: 3 | F21: -30 | G21: 0.47248813 | H21: computed
A22: 4 | B22: DK.SOEG | C22: 3_12_deg | D22: 5 | E22: 3 | F22: -10 | G22: 0.37035653 | H22: computed
A23: 4 | B23: DK.ICESG | C23: 3_12_deg | D23: 5 | E23: 3 | F23: -10 | G23: 0.31252133 | H23: computed
A24: 4 | B24: II.ESK.00 | C24: 20_30_deg | D24: 5 | E24: 2 | H24: not computable: a distance bin is empty
A25: 4 | B25: TA.342A | C25: 40_50_deg | D25: 5 | E25: 3 | F25: -30 | G25: 0.36312051 | H25: computed
A26: 4 | B26: XB.PM29 | C26: 40_50_deg | D26: 5 | E26: 3 | F26: -15 | G26: 0.39882674 | H26: computed

Sheet Station QC
A1: Event | B1: Bin | C1: Network | D1: Station | E1: Location | F1: Channel | G1: Distance (°) | H1: Azimuth (°) | I1: Radiation energy fraction | J1: Coverage Z | K1: SNR Z | L1: MUSTANG available | M1: Noise PSD (dB) | N1: Δ from quietest (dB) | O1: Selected | P1: Components used
A2: 0 | B2: 3_12_deg | C2: DK | D2: NRS | F2: BHZ | G2: 8.2539977 | H2: 166.70013 | I2: 0.29669566 | J2: 1 | K2: 3.0799503 | L2: TRUE | M2: -175.71209 | N2: 0 | O2: TRUE | P2: Z
A3: 0 | B3: 3_12_deg | C3: DK | D3: SCO | F3: BHZ | G3: 9.4673566 | H3: 69.681724 | I3: 0.58866344 | J3: 1 | K3: 2.3228762 | L3: TRUE | M3: -161.69877 | N3: 14.013315 | O3: TRUE | P3: Z
A4: 0 | B4: 3_12_deg | C4: CN | D4: ILON | F4: BHZ | G4: 11.397807 | H4: 285.93357 | I4: 0.99587341 | J4: 1 | K4: 2.3287728 | L4: TRUE | M4: -169.97789 | N4: 5.734194 | O4: TRUE | P4: Z
A5: 0 | B5: 20_30_deg | C5: IU | D5: KEV | E5: 00 | F5: BHZ | G5: 25.110057 | H5: 52.684548 | I5: 0.29899113 | J5: 1 | K5: 2.2020232 | L5: TRUE | M5: -180.97995 | N5: 0 | O5: TRUE | P5: Z
A6: 0 | B6: 40_50_deg | C6: GE | D6: TIRR | F6: BHZ | G6: 45.002737 | H6: 81.26068 | I6: 0.77480064 | J6: 1 | K6: 2.3509408 | L6: TRUE | M6: -180.01298 | N6: 0 | O6: TRUE | P6: Z
A7: 0 | B7: 40_50_deg | C7: TA | D7: X30A | F7: BHZ | G7: 44.773256 | H7: 246.69895 | I7: 0.53712924 | J7: 1 | K7: 2.1695785 | L7: TRUE | M7: -176.32181 | N7: 3.691169 | O7: TRUE | P7: Z
A8: 1 | B8: 3_12_deg | C8: DK | D8: TULEG | F8: BHZ | G8: 9.1695081 | H8: 331.17639 | I8: 0.54476872 | J8: 1 | K8: 2.3400361 | L8: TRUE | M8: -176.27027 | N8: 2.2254285 | O8: TRUE | P8: Z
A9: 1 | B9: 3_12_deg | C9: GE | D9: SUMG | F9: BHZ | G9: 4.9534401 | H9: 42.466492 | I9: 0.21730872 | J9: 1 | K9: 2.1208274 | L9: TRUE | M9: -178.4957 | N9: 0 | O9: TRUE | P9: Z
A10: 1 | B10: 3_12_deg | C10: CN | D10: ILON | F10: BHZ | G10: 11.288906 | H10: 285.74576 | I10: 0.99915056 | J10: 1 | K10: 2.0540354 | L10: TRUE | M10: -166.25811 | N10: 12.237591 | O10: TRUE | P10: Z
A11: 1 | B11: 20_30_deg | C11: II | D11: ESK | E11: 00 | F11: BHZ | G11: 24.860503 | H11: 100.30541 | I11: 0.98523073 | J11: 1 | K11: 2.2205151 | L11: TRUE | M11: -180.29926 | N11: 0 | O11: TRUE | P11: Z
A12: 1 | B12: 40_50_deg | C12: XB | D12: PM29 | F12: BHZ | G12: 44.971311 | H12: 121.49158 | I12: 0.94394864 | J12: 1 | K12: 2.0918109 | L12: TRUE | M12: -173.85199 | N12: 0 | O12: TRUE | P12: Z
A13: 1 | B13: 40_50_deg | C13: TA | D13: 136A | F13: BHZ | G13: 45.111883 | H13: 240.53814 | I13: 0.49159561 | J13: 1 | K13: 3.3383767 | L13: TRUE | M13: -165.04163 | N13: 8.8103633 | O13: TRUE | P13: Z
A14: 3 | B14: 3_12_deg | C14: DK | D14: SOEG | F14: BHZ | G14: 6.6705645 | H14: 90.476949 | I14: 0.42462112 | J14: 1 | K14: 3.2444146 | L14: TRUE | M14: -179.01051 | N14: 1.0040652 | O14: TRUE | P14: Z,R,T
A15: 3 | B15: 3_12_deg | C15: DK | D15: ANGG | F15: BHZ | G15: 5.8383213 | H15: 122.89517 | I15: 0.89725388 | J15: 1 | K15: 2.2125478 | L15: TRUE | M15: -171.6535 | N15: 8.361067 | O15: TRUE | P15: Z,T
A16: 3 | B16: 3_12_deg | C16: DK | D16: NUUK | F16: BHZ | G16: 5.1504424 | H16: 190.46659 | I16: 0.48297152 | J16: 1 | K16: 2.557607 | L16: TRUE | M16: -179.18772 | N16: 0.82684913 | O16: TRUE | P16: Z
A17: 3 | B17: 20_30_deg | C17: II | D17: ESK | E17: 00 | F17: BHZ | G17: 24.823811 | H17: 100.44483 | I17: 0.58547763 | J17: 1 | K17: 2.9752115 | L17: TRUE | M17: -180.98041 | N17: 0 | O17: TRUE | P17: Z
A18: 3 | B18: 20_30_deg | C18: GB | D18: EDI | F18: BHZ | G18: 24.352585 | H18: 99.523613 | I18: 0.57057204 | J18: 1 | K18: 2.4746624 | L18: TRUE | M18: -170.03661 | N18: 10.943799 | O18: TRUE | P18: Z
A19: 3 | B19: 40_50_deg | C19: TA | D19: 342A | F19: BHZ | G19: 44.908056 | H19: 235.37702 | I19: 0.071491121 | J19: 1 | K19: 2.2967035 | L19: TRUE | M19: -177.03071 | N19: 3.7131494 | O19: TRUE | P19: Z
A20: 3 | B20: 40_50_deg | C20: MN | D20: VTS | F20: BHZ | G20: 44.845077 | H20: 87.020288 | I20: 0.37095619 | J20: 1 | K20: 3.0546285 | L20: TRUE | M20: -180.74386 | N20: 0 | O20: TRUE | P20: Z
A21: 4 | B21: 3_12_deg | C21: DK | D21: NRS | F21: BHZ | G21: 8.2548178 | H21: 166.66689 | I21: 0.35534977 | J21: 1 | K21: 3.6473605 | L21: TRUE | M21: -178.09889 | N21: 1.0989467 | O21: TRUE | P21: Z
A22: 4 | B22: 3_12_deg | C22: DK | D22: SOEG | F22: BHZ | G22: 6.6027782 | H22: 90.487059 | I22: 0.88913724 | J22: 1 | K22: 4.6140004 | L22: TRUE | M22: -179.19783 | N22: 0 | O22: TRUE | P22: Z,T
A23: 4 | B23: 3_12_deg | C23: DK | D23: ICESG | F23: BHZ | G23: 3.4611975 | H23: 87.750517 | I23: 0.85864837 | J23: 1 | K23: 3.9746196 | L23: TRUE | M23: -177.08693 | N23: 2.1109003 | O23: TRUE | P23: Z
A24: 4 | B24: 20_30_deg | C24: II | D24: ESK | E24: 00 | F24: BHZ | G24: 24.753663 | H24: 100.60652 | I24: 0.9717379 | J24: 1 | K24: 2.3164589 | L24: TRUE | M24: -179.3716 | N24: 0 | O24: TRUE | P24: Z
A25: 4 | B25: 40_50_deg | C25: TA | D25: 342A | F25: BHZ | G25: 44.952413 | H25: 235.60975 | I25: 0.37147887 | J25: 1 | K25: 2.054395 | L25: TRUE | M25: -174.44251 | N25: 0.79336238 | O25: TRUE | P25: Z
A26: 4 | B26: 40_50_deg | C26: XB | D26: PM29 | F26: BHZ | G26: 44.875143 | H26: 121.8198 | I26: 0.96459888 | J26: 1 | K26: 20.399721 | L26: TRUE | M26: -175.23587 | N26: 0 | O26: TRUE | P26: Z

Sheet Workflow
A1: Workflow, current scope, and recommended next steps
A3: Stage | B3: Current choice | C3: Why / note
A4: Components | B4: Z only | C4: Keeps the first validation round interpretable.
A5: Frequency band | B5: 1/150–1/50 Hz (50–150 s) | C5: Held fixed for these four events.
A6: Near-distance stations | B6: 3–12°, minimum 3 stations | C6: Prioritizes stronger nearby signals.
A7: Far-distance bins | B7: 20–30° and 40–50° | C7: Kept unchanged for continuity.
A8: Data coverage | B8: ≥ 0.95 | C8: Station-selection filter.
A9: SNR | B9: Z-component SNR ≥ 2 | C9: Station-selection filter.
A10: MUSTANG noise | B10: Within 15 dB of quietest station in bin | C10: Rejects unusually noisy candidates.
A11: Radiation pattern | B11: Catalogue-force energy ≥ 20% of maximum | C11: Avoids nodal/weak-energy station locations.
A12: Primary objective | B12: Zero-lag waveform CC | C12: Distance-bin means; bins weighted equally.
A13: Secondary diagnostic | B13: Normalized RMS | C13: Observed and synthetic traces normalized by their own RMS before residual calculation.
A14: Robustness | B14: Leave-one-station-out | C14: Tests whether a single station controls the preferred plunge.
A17: Priority | B17: Recommended next action | C17: Decision value
A18: 1 | B18: Rerun Event 2 once Syngine access is stable. | C18: Completes the intended five-event pilot without changing methodology.
A19: 2 | B19: For Events 1, 3, and 4, inspect which far-bin station drives the LOO changes; replace only if a comparably good station passes the same QC. | C19: Separates geometry/station dependence from a true plunge signal.
A20: 3 | B20: Add an uncertainty interval from bootstrap resampling stations within each distance bin. | C20: Provides a reportable confidence range instead of only a best grid point.
A21: 4 | B21: Repeat the four completed events with small time-window perturbations while keeping the frequency band fixed. | C21: Checks whether the result depends on one hand-picked window.
A22: 5 | B22: After the pilot is stable, expand the event sample before interpreting population behavior. | C22: Four heterogeneous events are sufficient for workflow validation, not a general glacial-earthquake conclusion.

Sheet Run Status
A1: event_index | B1: status | C1: event_name | D1: detail
A2: 2 | B2: skipped | C2: S201107122101A | D2: Syngine SSL connection failed after configured retries while downloading GE.SUMG south basis; QC and partial caches retained
A3: 3 | B3: completed | C3: S201108181231A | D3: complete tables plots executed notebook and log saved
A4: 4 | B4: completed | C4: S201112211540A | D4: complete tables plots executed notebook and log saved
